{
    "C0": 16.35159783128742,
    "C#0": 17.323914436054512,
    "D0": 18.35404799483798,
    "D#0": 19.445436482630065,
    "E0": 20.60172230705438,
    "F0": 21.826764464562753,
    "F#0": 23.12465141947716,
    "G0": 24.499714748859343,
    "G#0": 25.956543598746585,
    "A0": 27.500000000000014,
    "A#0": 29.135235094880635,
    "B0": 30.867706328507776,
    "C1": 32.70319566257484,
    "C#1": 34.647828872109024,
    "D1": 36.70809598967596,
    "D#1": 38.89087296526013,
    "E1": 41.20344461410876,
    "F1": 43.65352892912551,
    "F#1": 46.24930283895432,
    "G1": 48.99942949771869,
    "G#1": 51.91308719749317,
    "A1": 55.00000000000003,
    "A#1": 58.27047018976127,
    "B1": 61.73541265701555,
    "C2": 65.40639132514968,
    "C#2": 69.29565774421805,
    "D2": 73.41619197935192,
    "D#2": 77.78174593052026,
    "E2": 82.40688922821752,
    "F2": 87.30705785825101,
    "F#2": 92.49860567790864,
    "G2": 97.99885899543737,
    "G#2": 103.82617439498634,
    "A2": 110.00000000000006,
    "A#2": 116.54094037952254,
    "B2": 123.4708253140311,
    "C3": 130.81278265029937,
    "C#3": 138.5913154884361,
    "D3": 146.83238395870384,
    "D#3": 155.56349186104052,
    "E3": 164.81377845643505,
    "F3": 174.61411571650203,
    "F#3": 184.99721135581729,
    "G3": 195.99771799087475,
    "G#3": 207.65234878997268,
    "A3": 220.0000000000001,
    "A#3": 233.08188075904508,
    "B3": 246.9416506280622,
    "C4": 261.62556530059874,
    "C#4": 277.1826309768722,
    "D4": 293.6647679174077,
    "D#4": 311.12698372208104,
    "E4": 329.6275569128701,
    "F4": 349.22823143300405,
    "F#4": 369.99442271163457,
    "G4": 391.9954359817495,
    "G#4": 415.30469757994535,
    "A4": 440.0000000000002,
    "A#4": 466.16376151809015,
    "B4": 493.8833012561244,
    "C5": 523.2511306011975,
    "C#5": 554.3652619537444,
    "D5": 587.3295358348154,
    "D#5": 622.2539674441621,
    "E5": 659.2551138257402,
    "F5": 698.4564628660081,
    "F#5": 739.9888454232691,
    "G5": 783.990871963499,
    "G#5": 830.6093951598907,
    "A5": 880.0000000000005,
    "A#5": 932.3275230361803,
    "B5": 987.7666025122488,
    "C6": 1046.502261202395,
    "C#6": 1108.7305239074888,
    "D6": 1174.6590716696307,
    "D#6": 1244.5079348883241,
    "E6": 1318.5102276514804,
    "F6": 1396.9129257320162,
    "F#6": 1479.9776908465383,
    "G6": 1567.981743926998,
    "G#6": 1661.2187903197814,
    "A6": 1760.000000000001,
    "A#6": 1864.6550460723606,
    "B6": 3951.0664100489953,
    "C7": 2093.00452240479,
    "C#7": 2217.4610478149775,
    "D7": 2349.3181433392615,
    "D#7": 2489.0158697766483,
    "E7": 2637.0204553029607,
    "F7": 2793.8258514640324,
    "F#7": 2959.9553816930766,
    "G7": 3135.963487853996,
    "G#7": 3322.437580639563,
    "A7": 3520.000000000002,
    "A#7": 3729.3100921447212,
    "B7": 3951.0664100489953
}
